k,ticker,sector,out_of_sector_fraction,betweenness,is_anomaly
5,ADBL,Commercial Banks,0.0,0.0001332800213248034,False
5,AHPC,Hydro Power,0.0,0.0014660802345728375,False
5,AKJCL,Hydro Power,0.0,0.0005331200852992136,False
5,AKPL,Hydro Power,0.0,0.024256963881114223,False
5,ALICL,Life Insurance,0.14285714285714285,0.03558576569372251,False
5,API,Hydro Power,0.23076923076923078,0.12288417966146875,False
5,BARUN,Hydro Power,0.0,0.0,False
5,BFC,Finance Companies,0.1875,0.01052912168465947,False
5,BOKL,Commercial Banks,0.3333333333333333,0.05784352925496468,False
5,BPCL,Hydro Power,0.0,0.15740370518459282,False
5,CBL,Commercial Banks,0.2857142857142857,0.06517393042782887,False
5,CCBL,Commercial Banks,0.16666666666666666,0.0,False
5,CFCL,Finance Companies,0.2,0.0037318405970944955,False
5,CGH,Hotels And Tourism,1.0,0.002932160469145675,False
5,CHCL,Hydro Power,0.6,0.12008529921364787,True
5,CHDC,Hydro Power,0.5,0.00039984006397441024,False
5,CHL,Hydro Power,0.0,0.0001332800213248034,False
5,CIT,Investment,1.0,0.09822737571638011,True
5,CORBL,Development Banks,0.0,0.0,False
5,CZBIL,Commercial Banks,0.0,0.0,False
5,DHPL,Hydro Power,0.0,0.0001332800213248034,False
5,EBL,Commercial Banks,0.0,0.0,False
5,EDBL,Development Banks,0.0,0.05531120884979342,False
5,GBBL,Development Banks,0.16666666666666666,0.029988004798080767,False
5,GBIME,Commercial Banks,0.0,0.0,False
5,GFCL,Finance Companies,0.0,0.0006664001066240171,False
5,GHL,Hydro Power,0.0,0.0021324803411968546,False
5,GLH,Hydro Power,0.3157894736842105,0.04131680661068906,False
5,GLICL,Life Insurance,0.0,0.0,False
5,GMFIL,Finance Companies,0.0,0.00039984006397441024,False
5,GRDBL,Development Banks,0.16666666666666666,0.0023990403838464614,False
5,GUFL,Finance Companies,0.2,0.0001332800213248034,False
5,HBL,Commercial Banks,0.0,0.0005331200852992136,False
5,HDHPC,Hydro Power,0.13513513513513514,0.1207516993202719,False
5,HIDCL,Hydro Power,0.3333333333333333,0.06477409036385445,False
5,HPPL,Hydro Power,0.0,0.0,False
5,HURJA,Hydro Power,0.0,0.0001332800213248034,False
5,ICFC,Finance Companies,0.4,0.0,False
5,JBBL,Development Banks,0.25,0.009729441556710648,False
5,JFL,Finance Companies,0.0,0.0002665600426496068,False
5,JLI,Life Insurance,0.2,0.031853925096628016,False
5,JOSHI,Hydro Power,0.0,0.0,False
5,KBL,Commercial Banks,0.08333333333333333,0.04491536718645875,False
5,KKHC,Hydro Power,0.0,0.0,False
5,KPCL,Hydro Power,0.0,0.001999200319872051,False
5,KRBL,Development Banks,0.2,0.001999200319872051,False
5,KSBBL,Development Banks,0.45454545454545453,0.06424097027855524,False
5,LBBL,Development Banks,0.42857142857142855,0.10049313607890177,False
5,LBL,Commercial Banks,0.2,0.0,False
5,LEC,Hydro Power,0.2222222222222222,0.0014660802345728375,False
5,LICN,Life Insurance,0.0,0.0021324803411968546,False
5,MBL,Commercial Banks,0.0,0.0006664001066240171,False
5,MDB,Development Banks,0.4,0.0,False
5,MEGA,Commercial Banks,0.2,0.003998400639744102,False
5,MEN,Hydro Power,0.2,0.0009329601492736239,False
5,MFIL,Finance Companies,0.4,0.0023990403838464614,False
5,MHNL,Hydro Power,0.0,0.004131680661068906,False
5,MKJC,Hydro Power,0.0,0.0,False
5,MLBL,Development Banks,0.3888888888888889,0.04371584699453552,False
5,MNBBL,Development Banks,0.16666666666666666,0.04744768759163001,False
5,MPFL,Finance Companies,0.0,0.0,False
5,NABBC,Development Banks,0.8,0.061975209916033586,False
5,NABIL,Commercial Banks,0.0,0.0013328002132480341,False
5,NBB,Commercial Banks,0.16666666666666666,0.0009329601492736239,False
5,NBL,Commercial Banks,0.0,0.009329601492736239,False
5,NCCB,Commercial Banks,0.2,0.00039984006397441024,False
5,NFS,Finance Companies,0.4,0.033053445288551246,False
5,NGPL,Hydro Power,0.0,0.0002665600426496068,False
5,NHDL,Hydro Power,0.0,0.0001332800213248034,False
5,NHPC,Hydro Power,0.0,0.0018659202985472478,False
5,NIB,Commercial Banks,0.2,0.00546448087431694,False
5,NICA,Commercial Banks,0.1111111111111111,0.03705184592829535,False
5,NIFRA,Investment,0.9166666666666666,0.016660002665600426,False
5,NLIC,Life Insurance,0.5,0.03198720511795282,False
5,NLICL,Life Insurance,0.0,0.0014660802345728375,False
5,NMB,Commercial Banks,0.2,0.0742369718779155,False
5,NRN,Investment,0.8333333333333334,0.0027988804478208716,False
5,NYADI,Hydro Power,0.16666666666666666,0.0007996801279488205,False
5,OHL,Hotels And Tourism,0.6,0.0,False
5,PCBL,Commercial Banks,0.09523809523809523,0.027988804478208715,False
5,PFL,Finance Companies,0.14285714285714285,0.0005331200852992136,False
5,PLI,Life Insurance,0.2,0.001599360255897641,False
5,PLIC,Life Insurance,0.2,0.011861921897907503,False
5,PMHPL,Hydro Power,0.0,0.001599360255897641,False
5,PPCL,Hydro Power,0.0,0.001599360255897641,False
5,PROFL,Finance Companies,0.0,0.009063041450086632,False
5,PRVU,Commercial Banks,0.3333333333333333,0.04065040650406504,False
5,RADHI,Hydro Power,0.0,0.0,False
5,RHPC,Hydro Power,0.0,0.018659202985472478,False
5,RHPL,Hydro Power,0.0,0.0,False
5,RLFL,Finance Companies,0.07142857142857142,0.10809009729441557,False
5,RLI,Life Insurance,0.2,0.0011995201919232307,False
5,RRHP,Hydro Power,0.0,0.018525922964147675,False
5,RURU,Hydro Power,0.2,0.008130081300813007,False
5,SADBL,Microfinance,1.0,0.0002665600426496068,False
5,SAHAS,Hydro Power,0.125,0.022124483539917368,False
5,SANIMA,Commercial Banks,0.0625,0.013861122217779555,False
5,SAPDBL,Development Banks,0.1,0.0507796881247501,False
5,SBI,Commercial Banks,0.0,0.0007996801279488205,False
5,SBL,Commercial Banks,0.15384615384615385,0.015860322537651607,False
5,SCB,Commercial Banks,0.0,0.0,False
5,SFCL,Finance Companies,0.0,0.00039984006397441024,False
5,SHBL,Development Banks,0.8,0.2225776356124217,True
5,SHEL,Manufacturing And Processing,1.0,0.004798080767692923,False
5,SHINE,Manufacturing And Processing,1.0,0.0023990403838464614,False
5,SHL,Hotels And Tourism,0.6,0.008796481407437025,False
5,SHPC,Hydro Power,0.0,0.019458883113421296,False
5,SIFC,Finance Companies,0.16666666666666666,0.0001332800213248034,False
5,SINDU,Development Banks,0.2,0.0,False
5,SJCL,Hydro Power,0.16666666666666666,0.004664800746368119,False
5,SLI,Life Insurance,0.2,0.0005331200852992136,False
5,SLICL,Life Insurance,0.0,0.0,False
5,SPC,Hydro Power,0.2,0.0005331200852992136,False
5,SPDL,Hydro Power,0.0,0.011462081833933093,False
5,SRBL,Development Banks,1.0,0.04118352658936426,False
5,SSHL,Hydro Power,0.23529411764705882,0.022391043582566973,False
5,TPC,Hydro Power,0.0,0.0023990403838464614,False
5,TRH,Hotels And Tourism,0.6666666666666666,0.13088098094095696,True
5,ULI,Life Insurance,0.2,0.004398240703718513,False
5,UMHL,Hydro Power,0.0,0.015460482473677196,False
5,UMRH,Hydro Power,0.125,0.007996801279488205,False
5,UNHPL,Hydro Power,0.0,0.00626416100226576,False
5,UPCL,Hydro Power,0.07692307692307693,0.22457683593229374,False
5,UPPER,Hydro Power,0.0,0.0013328002132480341,False
