,eigenvector,betweenness,community,quadrant
ADBL,5.53566121821159e-05,0.0001332800213248034,5,Peripheral
AHPC,0.07911645401316465,0.0014660802345728375,1,Local Kings
AKJCL,0.13664477857615462,0.0005331200852992136,1,Local Kings
AKPL,0.1327493116703772,0.024256963881114223,1,True Hubs
ALICL,0.00014093982657380246,0.03558576569372251,3,Bridge Stocks
API,0.1184783567023105,0.12288417966146875,1,True Hubs
BARUN,0.1020305001930269,0.0,1,Local Kings
BFC,0.004408815489251543,0.01052912168465947,4,Bridge Stocks
BOKL,0.00011552564669722266,0.05784352925496468,5,Bridge Stocks
BPCL,0.0238696035829749,0.15740370518459282,1,True Hubs
CBL,0.00011869334361630644,0.06517393042782887,5,Bridge Stocks
CCBL,0.00012197249562331178,0.0,5,Peripheral
CFCL,0.0013734225762876311,0.0037318405970944955,4,Bridge Stocks
CGH,0.07631053957374898,0.002932160469145675,2,True Hubs
CHCL,0.003359820877010409,0.12008529921364787,1,Bridge Stocks
CHDC,0.06698090665542752,0.00039984006397441024,2,Local Kings
CHL,0.12293683854986623,0.0001332800213248034,1,Local Kings
CIT,0.003532223123801317,0.09822737571638011,3,Bridge Stocks
CORBL,0.003715254759321333,0.0,6,Peripheral
CZBIL,6.76747005401197e-05,0.0,5,Peripheral
DHPL,0.139042183378911,0.0001332800213248034,1,Local Kings
EBL,5.785026724716714e-05,0.0,5,Peripheral
EDBL,0.002271468378229136,0.05531120884979342,6,Bridge Stocks
GBBL,0.004464224208768641,0.029988004798080767,6,Bridge Stocks
GBIME,0.00015741436416686553,0.0,5,Peripheral
GFCL,0.0015119711101109264,0.0006664001066240171,4,Peripheral
GHL,0.1638700697550868,0.0021324803411968546,1,Local Kings
GLH,0.1859660325814596,0.04131680661068906,2,True Hubs
GLICL,1.351349328224936e-05,0.0,3,Peripheral
GMFIL,0.0010698406938928142,0.00039984006397441024,4,Peripheral
GRDBL,0.004267462965507332,0.0023990403838464614,6,Bridge Stocks
GUFL,0.0013376097630426443,0.0001332800213248034,4,Peripheral
HBL,6.595288662223683e-05,0.0005331200852992136,5,Peripheral
HDHPC,0.4153184404299352,0.1207516993202719,1,True Hubs
HIDCL,0.08281197490119525,0.06477409036385445,1,True Hubs
HPPL,0.07904010449610004,0.0,1,Local Kings
HURJA,0.12093587015279232,0.0001332800213248034,1,Local Kings
ICFC,0.003637880880250824,0.0,4,Peripheral
JBBL,0.0055171480191530025,0.009729441556710648,6,Bridge Stocks
JFL,0.0008045550956636352,0.0002665600426496068,4,Peripheral
JLI,0.0036005406843652226,0.031853925096628016,0,Bridge Stocks
JOSHI,0.11855218958001651,0.0,1,Local Kings
KBL,0.0002945550590376135,0.04491536718645875,5,Bridge Stocks
KKHC,0.08760819200099741,0.0,1,Local Kings
KPCL,0.11971277644067764,0.001999200319872051,1,Local Kings
KRBL,0.004056475440308371,0.001999200319872051,6,Peripheral
KSBBL,0.04010728592947974,0.06424097027855524,6,True Hubs
LBBL,0.011206016686702912,0.10049313607890177,6,True Hubs
LBL,5.597403461405593e-05,0.0,5,Peripheral
LEC,0.1520732718908236,0.0014660802345728375,2,Local Kings
LICN,1.9983107464258448e-05,0.0021324803411968546,3,Peripheral
MBL,0.00020038528464483263,0.0006664001066240171,5,Peripheral
MDB,0.004161909886010936,0.0,6,Peripheral
MEGA,3.326443770176549e-05,0.003998400639744102,5,Bridge Stocks
MEN,0.05635089828933312,0.0009329601492736239,2,Local Kings
MFIL,0.0034682144482287756,0.0023990403838464614,4,Bridge Stocks
MHNL,0.18889827645695775,0.004131680661068906,1,True Hubs
MKJC,0.018499415126528185,0.0,2,Local Kings
MLBL,0.009226235166142863,0.04371584699453552,6,True Hubs
MNBBL,0.0034531857730919556,0.04744768759163001,6,Bridge Stocks
MPFL,0.000836204935513238,0.0,4,Peripheral
NABBC,0.03777193116422327,0.061975209916033586,2,True Hubs
NABIL,8.499330831369348e-05,0.0013328002132480341,5,Peripheral
NBB,7.071868339809912e-05,0.0009329601492736239,5,Peripheral
NBL,0.00010592774214714257,0.009329601492736239,5,Bridge Stocks
NCCB,4.669182993304961e-05,0.00039984006397441024,5,Peripheral
NFS,0.0263320190373612,0.033053445288551246,4,True Hubs
NGPL,0.0969334320772488,0.0002665600426496068,1,Local Kings
NHDL,0.0998959339437228,0.0001332800213248034,1,Local Kings
NHPC,0.09201807167321294,0.0018659202985472478,1,Local Kings
NIB,5.79564105942434e-05,0.00546448087431694,5,Bridge Stocks
NICA,0.00017711421458958284,0.03705184592829535,5,Bridge Stocks
NIFRA,0.10402564130003214,0.016660002665600426,2,True Hubs
NLIC,0.00021482002514102414,0.03198720511795282,3,Bridge Stocks
NLICL,2.4201720407540735e-05,0.0014660802345728375,3,Peripheral
NMB,0.0004517520310570022,0.0742369718779155,5,Bridge Stocks
NRN,0.07217205843867773,0.0027988804478208716,2,True Hubs
NYADI,0.026908506508260183,0.0007996801279488205,2,Local Kings
OHL,0.008230324092034403,0.0,6,Local Kings
PCBL,0.0002671363555168675,0.027988804478208715,5,Bridge Stocks
PFL,0.003654884567353029,0.0005331200852992136,4,Peripheral
PLI,0.008342839014250805,0.001599360255897641,0,Local Kings
PLIC,1.7249433534706727e-05,0.011861921897907503,3,Bridge Stocks
PMHPL,0.18962080803631537,0.001599360255897641,1,Local Kings
PPCL,0.15721495972485458,0.001599360255897641,1,Local Kings
PROFL,0.0028329991219946307,0.009063041450086632,4,Bridge Stocks
PRVU,0.00158622231309588,0.04065040650406504,5,Bridge Stocks
RADHI,0.08289356855304457,0.0,1,Local Kings
RHPC,0.022015954150029445,0.018659202985472478,1,True Hubs
RHPL,0.11079969640192819,0.0,1,Local Kings
RLFL,0.0022023759594139913,0.10809009729441557,4,Bridge Stocks
RLI,0.008832788704621288,0.0011995201919232307,0,Local Kings
RRHP,0.04914671661413265,0.018525922964147675,1,True Hubs
RURU,0.05319806540699672,0.008130081300813007,2,True Hubs
SADBL,0.005800117959769988,0.0002665600426496068,6,Peripheral
SAHAS,0.06875669857146659,0.022124483539917368,2,True Hubs
SANIMA,0.00014938252553955796,0.013861122217779555,5,Bridge Stocks
SAPDBL,0.007797826535131288,0.0507796881247501,6,True Hubs
SBI,7.559731440295957e-05,0.0007996801279488205,5,Peripheral
SBL,0.0001289363220301963,0.015860322537651607,5,Bridge Stocks
SCB,4.130963262032109e-05,0.0,5,Peripheral
SFCL,0.0031676031395959196,0.00039984006397441024,4,Peripheral
SHBL,8.848805607312975e-05,0.2225776356124217,6,Bridge Stocks
SHEL,0.09519021800384267,0.004798080767692923,2,True Hubs
SHINE,0.005596053079634761,0.0023990403838464614,6,Bridge Stocks
SHL,0.0079946718279521,0.008796481407437025,6,True Hubs
SHPC,0.06576535638960464,0.019458883113421296,1,True Hubs
SIFC,0.003825308582556358,0.0001332800213248034,4,Peripheral
SINDU,0.004447849971736664,0.0,6,Peripheral
SJCL,0.10887452488658804,0.004664800746368119,1,True Hubs
SLI,0.008496032525580408,0.0005331200852992136,0,Local Kings
SLICL,1.3277844177746243e-05,0.0,3,Peripheral
SPC,0.013075625659561607,0.0005331200852992136,2,Local Kings
SPDL,0.14387227952137266,0.011462081833933093,1,True Hubs
SRBL,0.0001030154516536128,0.04118352658936426,5,Bridge Stocks
SSHL,0.22512681771064452,0.022391043582566973,2,True Hubs
TPC,0.01855313849763456,0.0023990403838464614,2,True Hubs
TRH,0.00799052562109326,0.13088098094095696,6,True Hubs
ULI,0.011559223024514018,0.004398240703718513,0,True Hubs
UMHL,0.16323455981504895,0.015460482473677196,1,True Hubs
UMRH,0.11785591549221991,0.007996801279488205,2,True Hubs
UNHPL,0.2551612751138304,0.00626416100226576,1,True Hubs
UPCL,0.4163033688095853,0.22457683593229374,1,True Hubs
UPPER,0.10842200025907518,0.0013328002132480341,1,Local Kings
