ticker,eigenvector,betweenness,community,quadrant,official_sector
ULI,0.011559223024514,0.0043982407037185,0,True Hubs,Life Insurance
RLI,0.0088327887046212,0.0011995201919232,0,Local Kings,Life Insurance
SLI,0.0084960325255804,0.0005331200852992,0,Local Kings,Life Insurance
PLI,0.0083428390142508,0.0015993602558976,0,Local Kings,Life Insurance
JLI,0.0036005406843652,0.031853925096628,0,Bridge Stocks,Life Insurance
UPCL,0.4163033688095853,0.2245768359322937,1,True Hubs,Hydro Power
HDHPC,0.4153184404299352,0.1207516993202719,1,True Hubs,Hydro Power
UNHPL,0.2551612751138304,0.0062641610022657,1,True Hubs,Hydro Power
PMHPL,0.1896208080363153,0.0015993602558976,1,Local Kings,Hydro Power
MHNL,0.1888982764569577,0.0041316806610689,1,True Hubs,Hydro Power
GHL,0.1638700697550868,0.0021324803411968,1,Local Kings,Hydro Power
UMHL,0.1632345598150489,0.0154604824736771,1,True Hubs,Hydro Power
PPCL,0.1572149597248545,0.0015993602558976,1,Local Kings,Hydro Power
SPDL,0.1438722795213726,0.011462081833933,1,True Hubs,Hydro Power
DHPL,0.139042183378911,0.0001332800213248,1,Local Kings,Hydro Power
AKJCL,0.1366447785761546,0.0005331200852992,1,Local Kings,Hydro Power
AKPL,0.1327493116703772,0.0242569638811142,1,True Hubs,Hydro Power
CHL,0.1229368385498662,0.0001332800213248,1,Local Kings,Hydro Power
HURJA,0.1209358701527923,0.0001332800213248,1,Local Kings,Hydro Power
KPCL,0.1197127764406776,0.001999200319872,1,Local Kings,Hydro Power
JOSHI,0.1185521895800165,0.0,1,Local Kings,Hydro Power
API,0.1184783567023105,0.1228841796614687,1,True Hubs,Hydro Power
RHPL,0.1107996964019281,0.0,1,Local Kings,Hydro Power
SJCL,0.108874524886588,0.0046648007463681,1,True Hubs,Hydro Power
UPPER,0.1084220002590751,0.001332800213248,1,Local Kings,Hydro Power
BARUN,0.1020305001930269,0.0,1,Local Kings,Hydro Power
NHDL,0.0998959339437228,0.0001332800213248,1,Local Kings,Hydro Power
NGPL,0.0969334320772488,0.0002665600426496,1,Local Kings,Hydro Power
NHPC,0.0920180716732129,0.0018659202985472,1,Local Kings,Hydro Power
KKHC,0.0876081920009974,0.0,1,Local Kings,Hydro Power
RADHI,0.0828935685530445,0.0,1,Local Kings,Hydro Power
HIDCL,0.0828119749011952,0.0647740903638544,1,True Hubs,Hydro Power
AHPC,0.0791164540131646,0.0014660802345728,1,Local Kings,Hydro Power
HPPL,0.0790401044961,0.0,1,Local Kings,Hydro Power
SHPC,0.0657653563896046,0.0194588831134212,1,True Hubs,Hydro Power
RRHP,0.0491467166141326,0.0185259229641476,1,True Hubs,Hydro Power
BPCL,0.0238696035829749,0.1574037051845928,1,True Hubs,Hydro Power
RHPC,0.0220159541500294,0.0186592029854724,1,True Hubs,Hydro Power
CHCL,0.0033598208770104,0.1200852992136478,1,Bridge Stocks,Hydro Power
SSHL,0.2251268177106445,0.0223910435825669,2,True Hubs,Hydro Power
GLH,0.1859660325814596,0.041316806610689,2,True Hubs,Hydro Power
LEC,0.1520732718908236,0.0014660802345728,2,Local Kings,Hydro Power
UMRH,0.1178559154922199,0.0079968012794882,2,True Hubs,Hydro Power
NIFRA,0.1040256413000321,0.0166600026656004,2,True Hubs,Investment
SHEL,0.0951902180038426,0.0047980807676929,2,True Hubs,Manufacturing And Processing
CGH,0.0763105395737489,0.0029321604691456,2,True Hubs,Hotels And Tourism
NRN,0.0721720584386777,0.0027988804478208,2,True Hubs,Investment
SAHAS,0.0687566985714665,0.0221244835399173,2,True Hubs,Hydro Power
CHDC,0.0669809066554275,0.0003998400639744,2,Local Kings,Hydro Power
MEN,0.0563508982893331,0.0009329601492736,2,Local Kings,Hydro Power
RURU,0.0531980654069967,0.008130081300813,2,True Hubs,Hydro Power
NABBC,0.0377719311642232,0.0619752099160335,2,True Hubs,Development Banks
NYADI,0.0269085065082601,0.0007996801279488,2,Local Kings,Hydro Power
TPC,0.0185531384976345,0.0023990403838464,2,True Hubs,Hydro Power
MKJC,0.0184994151265281,0.0,2,Local Kings,Hydro Power
SPC,0.0130756256595616,0.0005331200852992,2,Local Kings,Hydro Power
CIT,0.0035322231238013,0.0982273757163801,3,Bridge Stocks,Investment
NLIC,0.000214820025141,0.0319872051179528,3,Bridge Stocks,Life Insurance
ALICL,0.0001409398265738,0.0355857656937225,3,Bridge Stocks,Life Insurance
NLICL,2.420172040754073e-05,0.0014660802345728,3,Peripheral,Life Insurance
LICN,1.9983107464258448e-05,0.0021324803411968,3,Peripheral,Life Insurance
PLIC,1.7249433534706727e-05,0.0118619218979075,3,Bridge Stocks,Life Insurance
GLICL,1.351349328224936e-05,0.0,3,Peripheral,Life Insurance
SLICL,1.3277844177746244e-05,0.0,3,Peripheral,Life Insurance
NFS,0.0263320190373612,0.0330534452885512,4,True Hubs,Finance Companies
BFC,0.0044088154892515,0.0105291216846594,4,Bridge Stocks,Finance Companies
SIFC,0.0038253085825563,0.0001332800213248,4,Peripheral,Finance Companies
PFL,0.003654884567353,0.0005331200852992,4,Peripheral,Finance Companies
ICFC,0.0036378808802508,0.0,4,Peripheral,Finance Companies
MFIL,0.0034682144482287,0.0023990403838464,4,Bridge Stocks,Finance Companies
SFCL,0.0031676031395959,0.0003998400639744,4,Peripheral,Finance Companies
PROFL,0.0028329991219946,0.0090630414500866,4,Bridge Stocks,Finance Companies
RLFL,0.0022023759594139,0.1080900972944155,4,Bridge Stocks,Finance Companies
GFCL,0.0015119711101109,0.000666400106624,4,Peripheral,Finance Companies
CFCL,0.0013734225762876,0.0037318405970944,4,Bridge Stocks,Finance Companies
GUFL,0.0013376097630426,0.0001332800213248,4,Peripheral,Finance Companies
GMFIL,0.0010698406938928,0.0003998400639744,4,Peripheral,Finance Companies
MPFL,0.0008362049355132,0.0,4,Peripheral,Finance Companies
JFL,0.0008045550956636,0.0002665600426496,4,Peripheral,Finance Companies
PRVU,0.0015862223130958,0.040650406504065,5,Bridge Stocks,Commercial Banks
NMB,0.000451752031057,0.0742369718779155,5,Bridge Stocks,Commercial Banks
KBL,0.0002945550590376,0.0449153671864587,5,Bridge Stocks,Commercial Banks
PCBL,0.0002671363555168,0.0279888044782087,5,Bridge Stocks,Commercial Banks
MBL,0.0002003852846448,0.000666400106624,5,Peripheral,Commercial Banks
NICA,0.0001771142145895,0.0370518459282953,5,Bridge Stocks,Commercial Banks
GBIME,0.0001574143641668,0.0,5,Peripheral,Commercial Banks
SANIMA,0.0001493825255395,0.0138611222177795,5,Bridge Stocks,Commercial Banks
SBL,0.0001289363220301,0.0158603225376516,5,Bridge Stocks,Commercial Banks
CCBL,0.0001219724956233,0.0,5,Peripheral,Commercial Banks
CBL,0.0001186933436163,0.0651739304278288,5,Bridge Stocks,Commercial Banks
BOKL,0.0001155256466972,0.0578435292549646,5,Bridge Stocks,Commercial Banks
NBL,0.0001059277421471,0.0093296014927362,5,Bridge Stocks,Commercial Banks
SRBL,0.0001030154516536,0.0411835265893642,5,Bridge Stocks,Development Banks
NABIL,8.499330831369348e-05,0.001332800213248,5,Peripheral,Commercial Banks
SBI,7.559731440295957e-05,0.0007996801279488,5,Peripheral,Commercial Banks
NBB,7.071868339809912e-05,0.0009329601492736,5,Peripheral,Commercial Banks
CZBIL,6.76747005401197e-05,0.0,5,Peripheral,Commercial Banks
HBL,6.595288662223683e-05,0.0005331200852992,5,Peripheral,Commercial Banks
NIB,5.79564105942434e-05,0.0054644808743169,5,Bridge Stocks,Commercial Banks
EBL,5.785026724716714e-05,0.0,5,Peripheral,Commercial Banks
LBL,5.597403461405593e-05,0.0,5,Peripheral,Commercial Banks
ADBL,5.53566121821159e-05,0.0001332800213248,5,Peripheral,Commercial Banks
NCCB,4.669182993304961e-05,0.0003998400639744,5,Peripheral,Commercial Banks
SCB,4.130963262032109e-05,0.0,5,Peripheral,Commercial Banks
MEGA,3.326443770176549e-05,0.0039984006397441,5,Bridge Stocks,Commercial Banks
KSBBL,0.0401072859294797,0.0642409702785552,6,True Hubs,Development Banks
LBBL,0.0112060166867029,0.1004931360789017,6,True Hubs,Development Banks
MLBL,0.0092262351661428,0.0437158469945355,6,True Hubs,Development Banks
OHL,0.0082303240920344,0.0,6,Local Kings,Hotels And Tourism
SHL,0.0079946718279521,0.008796481407437,6,True Hubs,Hotels And Tourism
TRH,0.0079905256210932,0.1308809809409569,6,True Hubs,Hotels And Tourism
SAPDBL,0.0077978265351312,0.0507796881247501,6,True Hubs,Development Banks
SADBL,0.0058001179597699,0.0002665600426496,6,Peripheral,Microfinance
SHINE,0.0055960530796347,0.0023990403838464,6,Bridge Stocks,Manufacturing And Processing
JBBL,0.005517148019153,0.0097294415567106,6,Bridge Stocks,Development Banks
GBBL,0.0044642242087686,0.0299880047980807,6,Bridge Stocks,Development Banks
SINDU,0.0044478499717366,0.0,6,Peripheral,Development Banks
GRDBL,0.0042674629655073,0.0023990403838464,6,Bridge Stocks,Development Banks
MDB,0.0041619098860109,0.0,6,Peripheral,Development Banks
KRBL,0.0040564754403083,0.001999200319872,6,Peripheral,Development Banks
CORBL,0.0037152547593213,0.0,6,Peripheral,Development Banks
MNBBL,0.0034531857730919,0.04744768759163,6,Bridge Stocks,Development Banks
EDBL,0.0022714683782291,0.0553112088497934,6,Bridge Stocks,Development Banks
SHBL,8.848805607312975e-05,0.2225776356124217,6,Bridge Stocks,Development Banks
