k,window,modularity_mean,modularity_std,n_communities,largest_community_pct,community_size_min,community_size_mean,community_size_median,community_size_max,n_components,n_edges,avg_degree,density
2,1yr,0.7376767104727304,0.0005844288416685829,8,18.446601941747574,5,12.875,15.0,19,2,177,3.436893203883495,0.0336950314106225
3,1yr,0.6969339036181956,0.0032867960954946446,8,19.41747572815534,4,12.875,15.5,20,1,260,5.048543689320389,0.04949552636588616
4,1yr,0.6561785941745286,0.0029032068290110197,7,22.330097087378643,4,14.714285714285714,15.0,23,1,338,6.563106796116505,0.06434418427565201
5,1yr,0.6149096251586268,0.001963307579834995,6,22.330097087378643,10,17.166666666666668,17.5,23,1,418,8.116504854368932,0.07957357700361697
6,1yr,0.5816287592609114,0.002562675258676435,5,35.92233009708738,10,20.6,18.0,37,1,499,9.689320388349515,0.09499333714068152
7,1yr,0.5671980107831617,0.0024689640437909935,5,35.92233009708738,10,20.6,19.0,37,1,576,11.184466019417476,0.1096516276413478
8,1yr,0.5399842980012346,0.0022919745405423145,4,34.95145631067961,15,25.75,26.0,36,1,652,12.660194174757281,0.12411955073291453
10,1yr,0.5127977307856042,0.0021152579236714585,4,37.86407766990291,15,25.75,24.5,39,1,799,15.514563106796116,0.15210355987055016
12,1yr,0.4707469850993358,0.003834430350976343,4,41.74757281553398,16,25.75,22.0,43,1,949,18.42718446601942,0.18065867123548449
15,1yr,0.4125620019723777,0.0031402202571337557,3,41.74757281553398,22,34.333333333333336,38.0,43,1,1168,22.679611650485437,0.2223491338282886
20,1yr,0.3317567961464613,0.0015129241812825323,3,42.71844660194174,26,34.333333333333336,33.0,44,1,1569,30.466019417475728,0.298686464877213
2,3yr,0.800024574308158,0.0005084639001127803,9,26.27118644067797,4,13.11111111111111,15.0,31,6,195,3.305084745762712,0.02824858757062147
3,3yr,0.7459279643867884,0.002228296957097202,8,22.88135593220339,4,14.75,15.0,27,1,288,4.88135593220339,0.041720990873533245
4,3yr,0.7165121756620119,0.0002757672580898496,6,23.728813559322035,14,19.666666666666668,18.0,28,1,379,6.423728813559322,0.054903665073156596
5,3yr,0.7018703792890484,0.0002621427573781743,5,36.440677966101696,14,23.6,18.0,43,1,468,7.932203389830509,0.06779661016949153
6,3yr,0.6907596843119914,0.0005151529238692214,5,37.28813559322034,14,23.6,18.0,44,1,559,9.474576271186441,0.08097928436911488
7,3yr,0.6704860964762436,0.0010665273832563855,5,38.983050847457626,14,23.6,17.0,46,1,646,10.94915254237288,0.09358250036216138
8,3yr,0.6499396534292243,0.0002627676418335767,5,37.28813559322034,14,23.6,17.0,44,1,728,12.338983050847459,0.10546139359698682
10,3yr,0.6044654720661062,0.0,5,37.28813559322034,14,23.6,18.0,44,1,896,15.186440677966102,0.12979863827321456
12,3yr,0.5610017622998464,0.0,5,38.983050847457626,14,23.6,18.0,46,1,1067,18.084745762711865,0.1545704766043749
15,3yr,0.4831417842756699,0.000137517386813259,4,38.983050847457626,14,29.5,29.0,46,1,1339,22.694915254237287,0.19397363465160075
20,3yr,0.42403739102844684,5.551115123125783e-17,4,38.13559322033898,14,29.5,29.5,45,1,1764,29.89830508474576,0.25554106910039115
2,5yr,0.7749313507928265,0.0018340112352174627,11,31.70731707317073,3,11.181818181818182,8.0,39,5,202,3.2845528455284554,0.02692256430761029
3,5yr,0.7439494685300503,0.0005732507496382322,7,35.77235772357724,5,17.571428571428573,15.0,44,1,302,4.9105691056910565,0.04025056644009063
4,5yr,0.7272925595641915,1.3136335981433191e-16,7,34.959349593495936,5,17.571428571428573,15.0,43,1,399,6.487804878048781,0.05317872850859656
5,5yr,0.7071876830407853,5.4214697848779366e-05,7,34.146341463414636,5,17.571428571428573,15.0,42,1,490,7.967479674796748,0.06530721044915368
6,5yr,0.6913033404516572,0.0008406501375351575,6,39.02439024390244,8,20.5,16.0,48,1,578,9.398373983739837,0.07703585232573637
7,5yr,0.6753250421782646,0.0005339058652506909,5,39.83739837398374,15,24.6,17.0,49,1,667,10.845528455284553,0.08889777422364388
8,5yr,0.6539275078897162,0.0,5,39.83739837398374,16,24.6,17.0,49,1,758,12.325203252032521,0.10102625616420098
10,5yr,0.6027701258350445,0.0010039025391702205,4,39.83739837398374,19,30.75,27.5,49,1,941,15.300813008130081,0.12541650006664
12,5yr,0.5750932619252113,0.002310096468822914,4,39.83739837398374,17,30.75,28.5,49,1,1132,18.40650406504065,0.15087298413967745
15,5yr,0.543082874750399,0.0006233214592634002,4,39.02439024390244,19,30.75,28.0,48,1,1405,22.84552845528455,0.18725842996134878
20,5yr,0.47411089302151177,5.551115123125783e-17,4,39.02439024390244,19,30.75,28.0,48,1,1840,29.91869918699187,0.2452352392376383
2,max,0.7408538216085465,0.001548462455497559,9,24.193548387096776,3,13.777777777777779,15.0,30,3,210,3.3870967741935485,0.02753737214791503
3,max,0.7129657100486765,0.0001884020594286853,7,27.419354838709676,5,17.714285714285715,16.0,34,3,309,4.983870967741935,0.04051927616050354
4,max,0.6827972148195711,0.006113300785366163,7,28.225806451612907,5,17.714285714285715,17.0,35,2,403,6.5,0.052845528455284556
5,max,0.6579159681791775,0.009276334125373768,7,27.419354838709676,5,17.714285714285715,17.0,34,1,497,8.016129032258064,0.06517178075006556
6,max,0.6169314952979571,0.002919410153014493,4,28.225806451612907,20,31.0,34.5,35,1,600,9.67741935483871,0.07867820613690008
7,max,0.5974688365776567,0.005779274916374557,4,28.225806451612907,21,31.0,34.0,35,1,699,11.274193548387096,0.09166011014948859
8,max,0.5815517035414735,0.002605135544087315,4,28.225806451612907,21,31.0,34.0,35,1,801,12.919354838709678,0.10503540519276161
10,max,0.5567233040796045,3.061086745186798e-05,4,28.225806451612907,21,31.0,34.0,35,1,991,15.983870967741936,0.12995017046944662
12,max,0.5232371771904585,0.00285575880143294,4,29.03225806451613,19,31.0,34.5,36,1,1176,18.967741935483872,0.15420928402832415
15,max,0.48242251310251183,0.0012250181362472308,3,43.54838709677419,31,41.333333333333336,39.0,54,1,1439,23.20967741935484,0.18869656438499868
20,max,0.43580253366285177,9.341016059772936e-05,3,44.354838709677416,30,41.333333333333336,39.0,55,1,1876,30.258064516129032,0.24600052452137425
