window_end,ari,nmi,common_nodes
2010-05-25,0.0,0.0,6
2010-10-04,0.0,0.0,6
2011-01-12,0.08695652173913043,0.2754887502163469,8
2011-05-02,0.11764705882352941,0.2873062742665109,8
2011-08-03,-0.02,0.15342623812704867,18
2011-11-20,0.28270712526809116,0.44151893532318787,36
2012-02-27,0.12498040322327783,0.3319764758490715,44
2012-06-04,0.13871790337210696,0.29541144784115425,45
2012-09-05,0.21721637571589633,0.3538122514876456,46
2012-12-20,0.29131067403034544,0.39208439986175425,49
2013-04-01,0.40062176805855326,0.5676125301697506,51
2013-07-04,0.15158793701627968,0.31067532012942933,51
2013-10-07,0.07168924609322201,0.21697781442949762,52
2014-01-23,0.19245883878592884,0.3146334042905146,53
2014-05-07,0.1752629638928806,0.3392695988372488,56
2014-08-12,0.1316371442516597,0.2508566510150152,59
2014-11-24,0.3174946062062715,0.4568020212025422,62
2015-03-03,0.18689797839239705,0.3154116127505664,62
2015-07-01,0.34621230111612444,0.44189718211313556,64
2015-10-07,0.2139671982465422,0.37421245406160153,65
2016-01-18,0.14402645721372467,0.30802480703077445,64
2016-04-26,0.18634901362643425,0.33930309983558404,64
2016-07-27,0.17087470449172576,0.344269710466508,64
2016-11-13,0.3164004171950387,0.5299766698186266,65
2017-02-13,0.5569817548363436,0.6957021171303231,64
2017-05-24,0.5563717494831357,0.6126836365325782,68
2017-08-30,0.2798526501112974,0.3789246451741338,72
2017-12-14,0.15145579319075222,0.29250309216550135,78
2018-03-27,0.2267631779133434,0.39047336975618646,82
2018-06-28,0.08147988643381943,0.2483909660150104,83
2018-09-30,0.13285713966435497,0.20035379496996364,84
2019-01-02,0.24783056136506987,0.28219240344136387,85
2019-04-04,0.1239605676066904,0.27503351776005214,88
2019-07-08,0.13840246118176852,0.2782980953681167,90
2019-10-03,0.4700002441914023,0.5190842078015098,94
2020-01-13,0.29814582080629326,0.32880600612083755,98
2020-07-16,0.3406916253508016,0.40121455905051595,100
2020-10-15,0.5515838619931652,0.5564696050070286,101
2021-01-21,0.7756172002299545,0.7887793842822528,103
2021-04-27,0.7309134378463183,0.773525508588707,106
2021-07-27,0.571957471600079,0.6752363474400203,113
2021-11-03,0.7499588792835664,0.8203303435806838,116
2022-02-08,0.7415964458317241,0.7421019134909304,118
2022-05-20,0.9427434954382523,0.9237777784336753,123
2022-08-08,0.8062250144770363,0.7800330307367447,123
2022-11-17,0.6043454076523905,0.6461038986360929,121
2023-03-01,0.525922614757934,0.5665294303550324,120
2023-06-06,0.5948783301415642,0.5831051234713326,120
2023-09-05,0.47207841363172065,0.5102094041199682,118
2023-12-27,0.7025516081030014,0.7326251890325494,118
2024-04-01,0.7084644523667639,0.736381171389266,112
2024-07-09,0.8121596038562937,0.8273979173958084,107
2024-10-20,0.6734474510905561,0.6934455543075593,104
2025-01-28,0.7777490682719653,0.7786780698950314,104
2025-05-08,0.8736722129544184,0.8787053705594264,104
2025-08-11,0.9078357136386753,0.8863797055097234,104
2025-12-03,0.8125180310801154,0.792923552158087,104
2026-03-22,0.6636374531440037,0.7206535359178594,103
